ticker,permno,date,prc,ret,vwretd,normalized_stock_return,normalized_market_return
AAPL,14593,2020-01-31,309.51001,0.05401,-0.001728,105.40099999999998,99.8272
AAPL,14593,2020-02-28,273.35999,-0.11431,-0.077918,93.35261168999999,92.0488642304
AAPL,14593,2020-03-31,254.28999,-0.069762,-0.141733,86.84014679328222,79.00250255643272
AAPL,14593,2020-04-30,293.79999,0.155374,0.129674,100.33284776114166,89.24707307293558
AAPL,14593,2020-05-29,317.94,0.084956,0.053739,108.85672517553722,94.04312153280206
AAPL,14593,2020-06-30,364.79999,0.147386,0.025299,124.90068247225894,96.42231846446042
AAPL,14593,2020-07-31,425.04001,0.165132,0.055532,145.525781970268,101.77684265342883
AAPL,14593,2020-08-31,129.03999,0.216309,0.068442,177.00431834247473,108.74265331831484
AAPL,14593,2020-09-30,115.81,-0.102526,-0.035056,158.8567736000942,104.93057086358799
AAPL,14593,2020-10-30,108.86,-0.060012,-0.020178,149.32346090280532,102.81328180470251
AAPL,14593,2020-11-30,119.05,0.09549,0.123707,163.58235818441423,115.53200445691685
AAPL,14593,2020-12-31,132.69,0.114574,0.045048,182.32464329103527,120.73649019369203
AAPL,14593,2021-01-29,131.96001,-0.005502,-0.000631,181.321493103648,120.6603054683798
AAPL,14593,2021-02-26,121.26,-0.079532,0.029196,166.90063211412865,124.1831037468346
AAPL,14593,2021-03-31,122.15,0.00734,0.030573,168.12568275384635,127.97975377768658
AAPL,14593,2021-04-30,131.46001,0.076218,0.04819,180.939886041979,134.1470981122333
AAPL,14593,2021-05-28,124.61,-0.050434,0.007092,171.81436382933785,135.09846933204525
AAPL,14593,2021-06-30,136.96001,0.099109,0.023422,188.84271361409967,138.2627456807404
AAPL,14593,2021-07-30,145.86,0.064982,0.011828,201.11409083017114,139.89811743665223
AAPL,14593,2021-08-31,151.83,0.042438,0.027146,209.64897061682194,143.69579173258757
AAPL,14593,2021-09-30,141.5,-0.068037,-0.042243,195.38508360296524,137.62565040242785
AAPL,14593,2021-10-29,149.8,0.058657,0.064651,206.84578645186434,146.5232863265952
AAPL,14593,2021-11-30,165.3,0.10494,-0.018351,228.552183282123,143.83443749921588
AAPL,14593,2021-12-31,177.57001,0.074229,0.033341,245.5173832949717,148.63002147987723
AAPL,14593,2022-01-31,174.78,-0.015712,-0.059823,241.6598141686411,139.73852770488654
AAPL,14593,2022-02-28,165.12,-0.054011,-0.021838,228.6075259455786,136.6869177368672
AAPL,14593,2022-03-31,174.61,0.057473,0.030506,241.74628628424887,140.85668884934807
AAPL,14593,2022-04-29,157.64999,-0.097131,-0.089387,218.26522775117348,128.2659320031714
AAPL,14593,2022-05-31,148.84,-0.054424,-0.002113,206.38636099604363,127.9949060888487
AAPL,14593,2022-06-30,136.72,-0.08143,-0.083998,189.58031962013578,117.24358996719756
AAPL,14593,2022-07-29,162.50999,0.188634,0.090351,225.3416136313605,127.83666556432385
AAPL,14593,2022-08-31,157.22,-0.031137,-0.036233,218.3251518077208,123.20475966093171
AAPL,14593,2022-09-30,138.2,-0.120977,-0.091323,191.91282991747818,111.95333139441645
AAPL,14593,2022-10-31,153.34,0.109551,0.077394,212.93707234776784,120.61784752435591
AAPL,14593,2022-11-30,148.03,-0.033129,0.052354,205.88268007795864,126.93267431364606
AAPL,14593,2022-12-30,129.92999,-0.122273,-0.05712,180.7087871367864,119.68227995685059
AAPL,14593,2023-01-31,144.28999,0.110521,0.071823,200.6809029999312,128.27822035019148
AAPL,14593,2023-02-28,147.41,0.023217,-0.024666,205.3401115248806,125.11410976703365
AAPL,14593,2023-03-31,164.89999,0.118649,0.02395,229.70351041719618,128.1105926959541
AAPL,14593,2023-04-28,169.67999,0.028987,0.008976,236.3619260736595,129.260513375993
AAPL,14593,2023-05-31,177.25,0.046028,0.000708,247.2411928069779,129.35202981946318
AAPL,14593,2023-06-30,193.97,0.09433,0.066183,270.56345452446016,137.91293520900473
AAPL,14593,2023-07-31,196.45,0.012786,0.035618,274.0228788540099,142.82511813527904
AAPL,14593,2023-08-31,187.87,-0.042454,-0.020608,262.3895115551417,139.88177810074723
AAPL,14593,2023-09-29,171.21001,-0.088678,-0.047391,239.12133444945488,133.25264075477472
AAPL,14593,2023-10-31,170.77,-0.00257,-0.028865,238.5067926199198,129.40630327938814
AAPL,14593,2023-11-30,189.95,0.11372,0.092053,265.6297850766571,141.31854171516565
AAPL,14593,2023-12-29,192.53,0.013583,0.053604,269.2378344473533,148.8937808252654
AAPL,14593,2024-01-31,184.39999,-0.042227,0.007561,257.8687284121449,150.0195667020852
AAPL,14593,2024-02-29,180.75,-0.018492,0.050584,253.10021988634753,157.6081564641435
AAPL,14593,2024-03-28,171.48,-0.051286,0.03245,240.11972200925635,162.72254114140495
AAPL,14593,2024-04-30,170.33,-0.006706,-0.042724,238.50947915346228,155.77038329367957
AAPL,14593,2024-05-31,192.25,0.130159,0.046553,269.55363445059777,163.02196194715023
AAPL,14593,2024-06-28,210.62,0.095553,0.026073,295.3102928832557,167.2724335609983
AAPL,14593,2024-07-31,222.08,0.054411,0.019878,311.37842122932653,170.59747499532384
AAPL,14593,2024-08-30,229.0,0.032286,0.021572,321.4315849371366,174.27760372592294
AAPL,14593,2024-09-30,233.0,0.017467,0.020969,327.0460304312336,177.93203079845182
AAPL,14593,2024-10-31,225.91,-0.030429,-0.008298,317.09434677124153,176.45555080688627
AAPL,14593,2024-11-29,237.33,0.051658,0.064855,333.47480653675035,187.89957555446688
AAPL,14593,2024-12-31,250.42,0.055155,-0.031582,351.8676094912848,181.96533115930572
AMZN,84788,2020-01-31,2008.71997,0.087064,-0.001728,108.7064,99.8272
AMZN,84788,2020-02-28,1883.75,-0.062214,-0.077918,101.9433400304,92.0488642304
AMZN,84788,2020-03-31,1949.71997,0.035021,-0.141733,105.51349774160464,79.00250255643272
AMZN,84788,2020-04-30,2474.0,0.2689,0.129674,133.8860772843221,89.24707307293558
AMZN,84788,2020-05-29,2442.37012,-0.012785,0.053739,132.17434378624205,94.04312153280206
AMZN,84788,2020-06-30,2758.82007,0.129567,0.025299,149.29977698759407,96.42231846446042
AMZN,84788,2020-07-31,3164.67993,0.147114,0.055532,171.26386437934698,101.77684265342883
AMZN,84788,2020-08-31,3450.95996,0.090461,0.068442,186.75656481496708,108.74265331831484
AMZN,84788,2020-09-30,3148.72998,-0.087579,-0.035056,170.40061162503707,104.93057086358799
AMZN,84788,2020-10-30,3036.1499,-0.035754,-0.020178,164.3081081569955,102.81328180470251
AMZN,84788,2020-11-30,3168.04004,0.04344,0.123707,171.44565237533538,115.53200445691685
AMZN,84788,2020-12-31,3256.92993,0.028058,0.045048,176.25607448968253,120.73649019369203
AMZN,84788,2021-01-29,3206.19995,-0.015576,-0.000631,173.5107098734312,120.6603054683798
AMZN,84788,2021-02-26,3092.92993,-0.035328,0.029196,167.38092351502266,124.1831037468346
AMZN,84788,2021-03-31,3094.08008,0.000372,0.030573,167.44318921857024,127.97975377768658
AMZN,84788,2021-04-30,3467.41992,0.120663,0.04819,187.64738675925057,134.1470981122333
AMZN,84788,2021-05-28,3223.07007,-0.07047,0.007092,174.42387541432618,135.09846933204525
AMZN,84788,2021-06-30,3440.15991,0.067355,0.023422,186.17219554285813,138.2627456807404
AMZN,84788,2021-07-30,3327.59009,-0.032722,0.011828,180.08026896030472,139.89811743665223
AMZN,84788,2021-08-31,3470.79004,0.043034,0.027146,187.82984325474249,143.69579173258757
AMZN,84788,2021-09-30,3285.04004,-0.053518,-0.042243,177.77756570343516,137.62565040242785
AMZN,84788,2021-10-29,3372.42993,0.026602,0.064651,182.50680450627797,146.5232863265952
AMZN,84788,2021-11-30,3507.07007,0.039924,-0.018351,189.79320616938662,143.83443749921588
AMZN,84788,2021-12-31,3334.34009,-0.049252,0.033341,180.44551117913198,148.63002147987723
AMZN,84788,2022-01-31,2991.46997,-0.10283,-0.059823,161.89029926458184,139.73852770488654
AMZN,84788,2022-02-28,3071.26001,0.026673,-0.021838,166.20839921686604,136.6869177368672
AMZN,84788,2022-03-31,3259.94995,0.061437,0.030506,176.41974463955265,140.85668884934807
AMZN,84788,2022-04-29,2485.62988,-0.237525,-0.089387,134.51564479404288,128.2659320031714
AMZN,84788,2022-05-31,2404.18994,-0.032764,-0.002113,130.10837420801087,127.9949060888487
AMZN,84788,2022-06-30,106.21,-0.116459,-0.083998,114.95608305612012,117.24358996719756
AMZN,84788,2022-07-29,134.95,0.270596,0.090351,146.06273930677403,127.83666556432385
AMZN,84788,2022-08-31,126.77,-0.060615,-0.036233,137.20914636369392,123.20475966093171
AMZN,84788,2022-09-30,113.0,-0.108622,-0.091323,122.30521446737677,111.95333139441645
AMZN,84788,2022-10-31,102.44,-0.093451,0.077394,110.87566987018596,120.61784752435591
AMZN,84788,2022-11-30,96.54,-0.057595,0.052354,104.48978566401259,126.93267431364606
AMZN,84788,2022-12-30,84.0,-0.129894,-0.05712,90.91718944497134,119.68227995685059
AMZN,84788,2023-01-31,103.13,0.227738,0.071823,111.62248833479023,128.27822035019148
AMZN,84788,2023-02-28,94.23,-0.086299,-0.024666,101.98957921398618,125.11410976703365
AMZN,84788,2023-03-31,103.29,0.096148,0.02395,111.7956732762525,128.1105926959541
AMZN,84788,2023-04-28,105.45,0.020912,0.008976,114.1335443958055,129.260513375993
AMZN,84788,2023-05-31,120.58,0.14348,0.000708,130.50942534571567,129.35202981946318
AMZN,84788,2023-06-30,130.36,0.081108,0.066183,141.094783816656,137.91293520900473
AMZN,84788,2023-07-31,133.67999,0.025468,0.035618,144.6881857708986,142.82511813527904
AMZN,84788,2023-08-31,138.00999,0.032391,-0.020608,149.3747807962038,139.88177810074723
AMZN,84788,2023-09-29,127.12,-0.078907,-0.047391,137.58806496791775,133.25264075477472
AMZN,84788,2023-10-31,133.09,0.046963,-0.028865,144.04961326300608,129.40630327938814
AMZN,84788,2023-11-30,146.09,0.097678,0.092053,158.12009138730997,141.31854171516565
AMZN,84788,2023-12-29,151.94,0.040044,0.053604,164.4518523268234,148.8937808252654
AMZN,84788,2024-01-31,155.2,0.021456,0.007561,167.9803312703477,150.0195667020852
AMZN,84788,2024-02-29,176.75999,0.138918,0.050584,191.31582292976188,157.6081564641435
AMZN,84788,2024-03-28,180.38,0.02048,0.03245,195.2339709833634,162.72254114140495
AMZN,84788,2024-04-30,175.0,-0.029826,-0.042724,189.41092256481363,155.77038329367957
AMZN,84788,2024-05-31,176.44,0.008229,0.046553,190.9695850465995,163.02196194715023
AMZN,84788,2024-06-28,193.25,0.095273,0.026073,209.16383032274416,167.2724335609983
AMZN,84788,2024-07-31,186.98,-0.032445,0.019878,202.3775098479227,170.59747499532384
AMZN,84788,2024-08-30,178.5,-0.045352,0.021572,193.19928502129972,174.27760372592294
AMZN,84788,2024-09-30,186.33,0.043866,0.020969,201.674164858044,177.93203079845182
AMZN,84788,2024-10-31,186.39999,0.000376,-0.008298,201.74999434403063,176.45555080688627
AMZN,84788,2024-11-29,207.89,0.11529,0.064855,225.0097511919539,187.89957555446688
AMZN,84788,2024-12-31,219.39,0.055318,-0.031582,237.4568406083904,181.96533115930572
GOOGL,90319,2020-01-31,1432.78003,0.069726,-0.001728,106.9726,99.8272
GOOGL,90319,2020-02-28,1339.25,-0.065279,-0.077918,99.9895356446,92.0488642304
GOOGL,90319,2020-03-31,1161.94995,-0.132388,-0.141733,86.7521209996827,79.00250255643272
GOOGL,90319,2020-04-30,1346.69995,0.159,0.129674,100.54570823863224,89.24707307293558
GOOGL,90319,2020-05-29,1433.52002,0.064469,0.053739,107.02778950306862,94.04312153280206
GOOGL,90319,2020-06-30,1418.05005,-0.010792,0.025299,105.87274559875151,96.42231846446042
GOOGL,90319,2020-07-31,1487.94995,0.049293,0.055532,111.09153084755077,101.77684265342883
GOOGL,90319,2020-08-31,1629.53003,0.095151,0.068442,121.66200109922607,108.74265331831484
GOOGL,90319,2020-09-30,1465.59998,-0.1006,-0.035056,109.42280378864393,104.93057086358799
GOOGL,90319,2020-10-30,1616.10999,0.102695,-0.020178,120.65997862371871,102.81328180470251
GOOGL,90319,2020-11-30,1754.40002,0.08557,0.123707,130.98485299455032,115.53200445691685
GOOGL,90319,2020-12-31,1752.64001,-0.001003,0.045048,130.8534751869968,120.73649019369203
GOOGL,90319,2021-01-29,1827.35999,0.042633,-0.000631,136.43215139464402,120.6603054683798
GOOGL,90319,2021-02-26,2021.91003,0.106465,0.029196,150.9574003928748,124.1831037468346
GOOGL,90319,2021-03-31,2062.52002,0.020085,0.030573,153.98937977976567,127.97975377768658
GOOGL,90319,2021-04-30,2353.5,0.14108,0.04819,175.71420147909504,134.1470981122333
GOOGL,90319,2021-05-28,2356.8501,0.001423,0.007092,175.96424278779978,135.09846933204525
GOOGL,90319,2021-06-30,2441.79004,0.03604,0.023422,182.3059940978721,138.2627456807404
GOOGL,90319,2021-07-30,2694.53003,0.103506,0.011828,201.1757583229665,139.89811743665223
GOOGL,90319,2021-08-31,2893.94995,0.074009,0.027146,216.0645750206909,143.69579173258757
GOOGL,90319,2021-09-30,2673.52002,-0.076169,-0.042243,199.60715240593993,137.62565040242785
GOOGL,90319,2021-10-29,2960.91992,0.107499,0.064651,221.06472168242607,146.5232863265952
GOOGL,90319,2021-11-30,2837.94995,-0.041531,-0.018351,211.88368272623325,143.83443749921588
GOOGL,90319,2021-12-31,2897.04004,0.020821,0.033341,216.29531288427611,148.63002147987723
GOOGL,90319,2022-01-31,2706.07007,-0.065919,-0.059823,202.03734215425752,139.73852770488654
GOOGL,90319,2022-02-28,2701.13989,-0.001822,-0.021838,201.66923011685248,136.6869177368672
GOOGL,90319,2022-03-31,2781.3501,0.029695,0.030506,207.6577979051724,140.85668884934807
GOOGL,90319,2022-04-29,2282.18994,-0.179467,-0.089387,170.39007588852482,128.2659320031714
GOOGL,90319,2022-05-31,2275.23999,-0.003045,-0.002113,169.87123810744427,127.9949060888487
GOOGL,90319,2022-06-30,2179.26001,-0.042185,-0.083998,162.70521992788173,117.24358996719756
GOOGL,90319,2022-07-29,116.32,0.067518,0.090351,173.69075096697242,127.83666556432385
GOOGL,90319,2022-08-31,108.22,-0.069636,-0.036233,161.5956218326363,123.20475966093171
GOOGL,90319,2022-09-30,95.65,-0.116152,-0.091323,142.82596716553192,111.95333139441645
GOOGL,90319,2022-10-31,94.51,-0.011918,0.077394,141.12376728885312,120.61784752435591
GOOGL,90319,2022-11-30,100.99,0.068564,0.052354,150.79977726924605,126.93267431364606
GOOGL,90319,2022-12-30,88.23,-0.126349,-0.05712,131.74637621105407,119.68227995685059
GOOGL,90319,2023-01-31,98.84,0.120254,0.071823,147.58940493593818,128.27822035019148
GOOGL,90319,2023-02-28,90.06,-0.08883,-0.024666,134.47903809547878,125.11410976703365
GOOGL,90319,2023-03-31,103.73,0.151788,0.02395,154.89134232991532,128.1105926959541
GOOGL,90319,2023-04-28,107.34,0.034802,0.008976,160.28187082568104,129.260513375993
GOOGL,90319,2023-05-31,122.87,0.144681,0.000708,183.47161217861142,129.35202981946318
GOOGL,90319,2023-06-30,119.7,-0.0258,0.066183,178.73804458440324,137.91293520900473
GOOGL,90319,2023-07-31,132.72,0.108772,0.035618,198.17973916993796,142.82511813527904
GOOGL,90319,2023-08-31,136.17,0.025995,-0.020608,203.33142148966047,139.88177810074723
GOOGL,90319,2023-09-29,130.86,-0.038995,-0.047391,195.40251270867117,133.25264075477472
GOOGL,90319,2023-10-31,124.08,-0.051811,-0.028865,185.27851312272222,129.40630327938814
GOOGL,90319,2023-11-30,132.53,0.068101,0.092053,197.8961651448927,141.31854171516565
GOOGL,90319,2023-12-29,139.69,0.054026,0.053604,208.58770336301066,148.8937808252654
GOOGL,90319,2024-01-31,140.10001,0.002935,0.007561,209.1999082723811,150.0195667020852
GOOGL,90319,2024-02-29,138.46001,-0.011706,0.050584,206.7510141461446,157.6081564641435
GOOGL,90319,2024-03-28,150.92999,0.090062,0.03245,225.3714239821747,162.72254114140495
GOOGL,90319,2024-04-30,162.78,0.078513,-0.042724,243.0660105932872,155.77038329367957
GOOGL,90319,2024-05-31,172.5,0.059713,0.046553,257.5802112838441,163.02196194715023
GOOGL,90319,2024-06-28,182.14999,0.057101,0.026073,272.2882989283629,167.2724335609983
GOOGL,90319,2024-07-31,171.53999,-0.058249,0.019878,256.4277778040847,170.59747499532384
GOOGL,90319,2024-08-30,163.38,-0.047569,0.021572,244.22976484172221,174.27760372592294
GOOGL,90319,2024-09-30,165.85001,0.016342,0.020969,248.22096765876566,177.93203079845182
GOOGL,90319,2024-10-31,171.11,0.031715,-0.008298,256.0932956480634,176.45555080688627
GOOGL,90319,2024-11-29,168.95,-0.012624,0.064855,252.86037388380228,187.89957555446688
GOOGL,90319,2024-12-31,189.3,0.121634,-0.031582,283.6167926007847,181.96533115930572
META,13407,2020-01-31,201.91,-0.016273,-0.001728,98.37270000000001,99.8272
META,13407,2020-02-28,192.47,-0.046754,-0.077918,93.77338278420001,92.0488642304
META,13407,2020-03-31,166.8,-0.133371,-0.141733,81.26673294888846,79.00250255643272
META,13407,2020-04-30,204.71001,0.227278,0.129674,99.73687348004594,89.24707307293558
META,13407,2020-05-29,225.09,0.099555,0.053739,109.66617791935191,94.04312153280206
META,13407,2020-06-30,227.07001,0.008797,0.025299,110.63091128650844,96.42231846446042
META,13407,2020-07-31,253.67,0.117144,0.055532,123.59065875825517,101.77684265342883
META,13407,2020-08-31,293.20001,0.155832,0.068442,142.85003829387156,108.74265331831484
META,13407,2020-09-30,261.89999,-0.106753,-0.035056,127.60036815588592,104.93057086358799
META,13407,2020-10-30,263.10999,0.00462,-0.020178,128.1898818567661,102.81328180470251
META,13407,2020-11-30,276.97,0.052678,0.123707,134.94266845321684,115.53200445691685
META,13407,2020-12-31,273.16,-0.013756,0.045048,133.0863971059744,120.73649019369203
META,13407,2021-01-29,258.32999,-0.054291,-0.000631,125.86100352069396,120.6603054683798
META,13407,2021-02-26,257.62,-0.002748,0.029196,125.5151374830191,124.1831037468346
META,13407,2021-03-31,294.53,0.143273,0.030573,143.4980677756237,127.97975377768658
META,13407,2021-04-30,325.07999,0.103725,0.04819,158.3824048556503,134.1470981122333
META,13407,2021-05-28,328.73001,0.011228,0.007092,160.16072249736953,135.09846933204525
META,13407,2021-06-30,347.70999,0.057737,0.023422,169.40792213220016,138.2627456807404
META,13407,2021-07-30,356.29999,0.024705,0.011828,173.59314484847616,139.89811743665223
META,13407,2021-08-31,379.38,0.064777,0.027146,184.83798799232588,143.69579173258757
META,13407,2021-09-30,339.39001,-0.105409,-0.042243,165.35440051604283,137.62565040242785
META,13407,2021-10-29,323.57001,-0.046613,0.064651,157.6467358447885,146.5232863265952
META,13407,2021-11-30,324.45999,0.002751,-0.018351,158.08042201509753,143.83443749921588
META,13407,2021-12-31,336.35001,0.036646,0.033341,163.8734371602628,148.63002147987723
META,13407,2022-01-31,313.26001,-0.068649,-0.059823,152.62368957264792,139.73852770488654
META,13407,2022-02-28,211.03,-0.326342,-0.021838,102.81616947013083,136.6869177368672
META,13407,2022-03-31,222.36,0.053689,0.030506,108.3362667928127,140.85668884934807
META,13407,2022-04-29,200.47,-0.098444,-0.089387,97.67121134466105,128.2659320031714
META,13407,2022-05-31,193.64,-0.03407,-0.002113,94.34355317414844,127.9949060888487
META,13407,2022-06-30,161.25,-0.167269,-0.083998,78.56280137826181,117.24358996719756
META,13407,2022-07-29,159.10001,-0.013333,0.090351,77.51532354748544,127.83666556432385
META,13407,2022-08-31,162.92999,0.024073,-0.036233,79.38134993124406,123.20475966093171
META,13407,2022-09-30,135.67999,-0.16725,-0.091323,66.10481915524349,111.95333139441645
META,13407,2022-10-31,93.16,-0.313384,0.077394,45.38862650909666,120.61784752435591
META,13407,2022-11-30,118.1,0.267711,0.052354,57.53966110047344,126.93267431364606
META,13407,2022-12-30,120.34,0.018967,-0.05712,58.631015852566115,119.68227995685059
META,13407,2023-01-31,148.97,0.237909,0.071823,72.57986220303427,128.27822035019148
META,13407,2023-02-28,174.94,0.17433,-0.024666,85.23270958088924,125.11410976703365
META,13407,2023-03-31,211.94,0.211501,0.02395,103.25951288995687,128.1105926959541
META,13407,2023-04-28,240.32001,0.133906,0.008976,117.08658122299944,129.260513375993
META,13407,2023-05-31,264.72,0.101531,0.000708,128.9744989011518,129.35202981946318
META,13407,2023-06-30,286.98001,0.084089,0.066183,139.81983553925076,137.91293520900473
META,13407,2023-07-31,318.60001,0.110182,0.035618,155.2254646586365,142.82511813527904
META,13407,2023-08-31,295.89001,-0.071281,-0.020608,144.1608383123042,139.88177810074723
META,13407,2023-09-29,300.20999,0.0146,-0.047391,146.26558655166386,133.25264075477472
META,13407,2023-10-31,301.26999,0.003531,-0.028865,146.78205033777778,129.40630327938814
META,13407,2023-11-30,327.14999,0.085903,0.092053,159.39106880794392,141.31854171516565
META,13407,2023-12-29,353.95999,0.08195,0.053604,172.4531668967549,148.8937808252654
META,13407,2024-01-31,390.14001,0.102215,0.007561,190.0804673511067,150.0195667020852
META,13407,2024-02-29,490.13,0.257574,0.050584,239.04025364860067,157.6081564641435
META,13407,2024-03-28,485.57999,-0.009283,0.03245,236.8212429739807,162.72254114140495
META,13407,2024-04-30,430.17001,-0.114111,-0.042724,209.7973341169768,155.77038329367957
META,13407,2024-05-31,466.82999,0.085222,0.046553,227.67668252509375,163.02196194715023
META,13407,2024-06-28,504.22,0.081165,0.026073,246.15606046224298,167.2724335609983
META,13407,2024-07-31,474.82999,-0.058288,0.019878,231.80811601001977,170.59747499532384
META,13407,2024-08-30,521.31,0.097888,0.021572,254.4993488700086,174.27760372592294
META,13407,2024-09-30,572.44,0.099039,0.020969,279.7047098827454,177.93203079845182
META,13407,2024-10-31,567.58002,-0.00849,-0.008298,277.3300168958409,176.45555080688627
META,13407,2024-11-29,574.32001,0.011875,0.064855,280.62331084647906,187.89957555446688
META,13407,2024-12-31,585.51001,0.020355,-0.031582,286.33539833875915,181.96533115930572
MSFT,10107,2020-01-31,170.23,0.079455,-0.001728,107.94550000000001,99.8272
MSFT,10107,2020-02-28,162.00999,-0.045292,-0.077918,103.056432414,92.0488642304
MSFT,10107,2020-03-31,157.71001,-0.026542,-0.141733,100.32110858486763,79.00250255643272
MSFT,10107,2020-04-30,179.21001,0.136326,0.129674,113.99748403380828,89.24707307293558
MSFT,10107,2020-05-29,183.25,0.025389,0.053739,116.89176615594263,94.04312153280206
MSFT,10107,2020-06-30,203.50999,0.110559,0.025299,129.8152029303775,96.42231846446042
MSFT,10107,2020-07-31,205.00999,0.007371,0.055532,130.7720707911773,101.77684265342883
MSFT,10107,2020-08-31,225.53,0.10258,0.068442,144.1866698129363,108.74265331831484
MSFT,10107,2020-09-30,210.33,-0.067397,-0.035056,134.46892082755383,104.93057086358799
MSFT,10107,2020-10-30,202.47,-0.03737,-0.020178,129.44381725622813,102.81328180470251
MSFT,10107,2020-11-30,214.07001,0.060058,0.123707,137.21795403300268,115.53200445691685
MSFT,10107,2020-12-31,222.42,0.039006,0.045048,142.570277548014,120.73649019369203
MSFT,10107,2021-01-29,231.96001,0.042892,-0.000631,148.6854018926034,120.6603054683798
MSFT,10107,2021-02-26,232.38,0.004225,0.029196,149.31359771559966,124.1831037468346
MSFT,10107,2021-03-31,235.77,0.014588,0.030573,151.4917844790748,127.97975377768658
MSFT,10107,2021-04-30,252.17999,0.069602,0.04819,162.03591566238737,134.1470981122333
MSFT,10107,2021-05-28,249.67999,-0.007693,0.007092,160.78937336319663,135.09846933204525
MSFT,10107,2021-06-30,270.89999,0.084989,0.023422,174.45470141596135,138.2627456807404
MSFT,10107,2021-07-30,284.91,0.051717,0.011828,183.47697520909063,139.89811743665223
MSFT,10107,2021-08-31,301.88,0.061528,0.027146,194.76594653975556,143.69579173258757
MSFT,10107,2021-09-30,281.92001,-0.066119,-0.042243,181.88821692049345,137.62565040242785
MSFT,10107,2021-10-29,331.62,0.176291,0.064651,213.95347256962415,146.5232863265952
MSFT,10107,2021-11-30,330.59,-0.001236,-0.018351,213.6890260775281,143.83443749921588
MSFT,10107,2021-12-31,336.32001,0.017333,0.033341,217.39289796652992,148.63002147987723
MSFT,10107,2022-01-31,310.98001,-0.075345,-0.059823,201.0134300692417,139.73852770488654
MSFT,10107,2022-02-28,298.79001,-0.037205,-0.021838,193.53472540351555,136.6869177368672
MSFT,10107,2022-03-31,308.31,0.031862,0.030506,199.70112882432238,140.85668884934807
MSFT,10107,2022-04-29,277.51999,-0.099867,-0.089387,179.75757619202378,128.2659320031714
MSFT,10107,2022-05-31,271.87,-0.018125,-0.002113,176.49947012354335,127.9949060888487
MSFT,10107,2022-06-30,256.82999,-0.055321,-0.083998,166.7353429368388,117.24358996719756
MSFT,10107,2022-07-29,280.73999,0.093097,0.090351,182.25790315822968,127.83666556432385
MSFT,10107,2022-08-31,261.47,-0.066432,-0.036233,170.15014613562215,123.20475966093171
MSFT,10107,2022-09-30,232.89999,-0.109267,-0.091323,151.55835011782113,111.95333139441645
MSFT,10107,2022-10-31,232.13,-0.003306,0.077394,151.0572982123316,120.61784752435591
MSFT,10107,2022-11-30,255.14,0.102055,0.052354,166.4734507813911,126.93267431364606
MSFT,10107,2022-12-30,239.82001,-0.060045,-0.05712,156.47755242922247,119.68227995685059
MSFT,10107,2023-01-31,247.81,0.033317,0.071823,161.6909150435069,128.27822035019148
MSFT,10107,2023-02-28,249.42,0.009241,-0.024666,163.18510078942396,125.11410976703365
MSFT,10107,2023-03-31,288.29999,0.155882,0.02395,188.62272067068096,128.1105926959541
MSFT,10107,2023-04-28,307.26001,0.065765,0.008976,201.02749389558832,129.260513375993
MSFT,10107,2023-05-31,328.39001,0.070982,0.000708,215.29682746728497,129.35202981946318
MSFT,10107,2023-06-30,340.54001,0.036999,0.066183,223.26259478674703,137.91293520900473
MSFT,10107,2023-07-31,335.92001,-0.013567,0.035618,220.23359116327526,142.82511813527904
MSFT,10107,2023-08-31,327.76001,-0.022267,-0.020608,215.3296497888426,139.88177810074723
MSFT,10107,2023-09-29,315.75,-0.036643,-0.047391,207.43932543163007,133.25264075477472
MSFT,10107,2023-10-31,338.10999,0.070816,-0.028865,222.12934870139637,129.40630327938814
MSFT,10107,2023-11-30,378.91,0.122889,0.092053,249.42660223396226,141.31854171516565
MSFT,10107,2023-12-29,376.04001,-0.007574,0.053604,247.53744514864223,148.8937808252654
MSFT,10107,2024-01-31,397.57999,0.057281,0.007561,261.7166375442016,150.0195667020852
MSFT,10107,2024-02-29,413.64001,0.042281,0.050584,272.782278696208,157.6081564641435
MSFT,10107,2024-03-28,420.72,0.017116,0.03245,277.45122017837224,162.72254114140495
MSFT,10107,2024-04-30,389.32999,-0.07461,-0.042724,256.7505846408639,155.77038329367957
MSFT,10107,2024-05-31,415.13,0.068194,0.046553,274.25943400986296,163.02196194715023
MSFT,10107,2024-06-28,446.95001,0.076651,0.026073,295.281693886153,167.2724335609983
MSFT,10107,2024-07-31,418.35001,-0.063989,0.019878,276.38691357607195,170.59747499532384
MSFT,10107,2024-08-30,417.14001,-0.0011,0.021572,276.08288797113823,174.27760372592294
MSFT,10107,2024-09-30,430.29999,0.031548,0.020969,284.7927509208517,177.93203079845182
MSFT,10107,2024-10-31,406.35001,-0.055659,-0.008298,268.941471197348,176.45555080688627
MSFT,10107,2024-11-29,423.45999,0.044149,0.064855,280.8149682092397,187.89957555446688
MSFT,10107,2024-12-31,421.5,-0.004629,-0.031582,279.51507572139917,181.96533115930572
TSLA,93436,2020-01-31,650.57001,0.55516,-0.001728,155.516,99.8272
TSLA,93436,2020-02-28,667.98999,0.026777,-0.077918,159.680251932,92.0488642304
TSLA,93436,2020-03-31,524.0,-0.215557,-0.141733,125.26005586629387,79.00250255643272
TSLA,93436,2020-04-30,781.88,0.492137,0.129674,186.90516398016413,89.24707307293558
TSLA,93436,2020-05-29,835.0,0.067939,0.053739,199.60331391581252,94.04312153280206
TSLA,93436,2020-06-30,1079.81006,0.293186,0.025299,258.1242111095339,96.42231846446042
TSLA,93436,2020-07-31,1430.76001,0.325011,0.055532,342.0174190864546,101.77684265342883
TSLA,93436,2020-08-31,498.32001,0.741452,0.068442,595.6069185029445,108.74265331831484
TSLA,93436,2020-09-30,429.01001,-0.139087,-0.035056,512.7657390291256,104.93057086358799
TSLA,93436,2020-10-30,388.04001,-0.095499,-0.020178,463.79712371758313,102.81328180470251
TSLA,93436,2020-11-30,567.59998,0.462736,0.123707,678.4127495581627,115.53200445691685
TSLA,93436,2020-12-31,705.66998,0.243252,0.045048,843.4380077136849,120.73649019369203
TSLA,93436,2021-01-29,793.53003,0.124506,-0.000631,948.4511003020849,120.6603054683798
TSLA,93436,2021-02-26,675.5,-0.14874,0.029196,807.3784836431528,124.1831037468346
TSLA,93436,2021-03-31,667.92999,-0.011207,0.030573,798.3301929769641,127.97975377768658
TSLA,93436,2021-04-30,709.44,0.062147,0.04819,847.9440194799034,134.1470981122333
TSLA,93436,2021-05-28,625.21997,-0.118713,0.007092,747.2820410953856,135.09846933204525
TSLA,93436,2021-06-30,679.70001,0.087137,0.023422,812.3979563103143,138.2627456807404
TSLA,93436,2021-07-30,687.20001,0.011034,0.011828,821.3619553602424,139.89811743665223
TSLA,93436,2021-08-31,735.71997,0.070605,0.027146,879.3542162184524,143.69579173258757
TSLA,93436,2021-09-30,775.47998,0.054042,-0.042243,926.87627677133,137.62565040242785
TSLA,93436,2021-10-29,1114.0,0.43653,0.064651,1331.4855778703186,146.5232863265952
TSLA,93436,2021-11-30,1144.76001,0.027612,-0.018351,1368.2505576464737,143.83443749921588
TSLA,93436,2021-12-31,1056.78003,-0.076855,0.033341,1263.093661038554,148.63002147987723
TSLA,93436,2022-01-31,936.71997,-0.113609,-0.059823,1119.5948533016249,139.73852770488654
TSLA,93436,2022-02-28,870.42999,-0.070768,-0.021838,1040.3633647231754,136.6869177368672
TSLA,93436,2022-03-31,1077.59998,0.238009,0.030506,1287.9792087975736,140.85668884934807
TSLA,93436,2022-04-29,870.76001,-0.191945,-0.089387,1040.7580395649234,128.2659320031714
TSLA,93436,2022-05-31,758.26001,-0.129197,-0.002113,906.295223127254,127.9949060888487
TSLA,93436,2022-06-30,673.41998,-0.111888,-0.083998,804.8916632019917,117.24358996719756
TSLA,93436,2022-07-29,891.45001,0.323765,0.090351,1065.4874125385847,127.83666556432385
TSLA,93436,2022-08-31,275.60999,-0.072489,-0.036233,988.2512954910751,123.20475966093171
TSLA,93436,2022-09-30,265.25,-0.037589,-0.091323,951.1039175448612,111.95333139441645
TSLA,93436,2022-10-31,227.53999,-0.142168,0.077394,815.8873757953435,120.61784752435591
TSLA,93436,2022-11-30,194.7,-0.144326,0.052354,698.1336143963048,126.93267431364606
TSLA,93436,2022-12-30,123.18,-0.367334,-0.05712,441.6854012856526,119.68227995685059
TSLA,93436,2023-01-31,173.22,0.406235,0.071823,621.1134702769297,128.27822035019148
TSLA,93436,2023-02-28,205.71001,0.187565,-0.024666,737.6126183294219,125.11410976703365
TSLA,93436,2023-03-31,207.46001,0.008507,0.02395,743.8874888735503,128.1105926959541
TSLA,93436,2023-04-28,164.31,-0.207992,0.008976,589.1648422877629,129.260513375993
TSLA,93436,2023-05-31,203.92999,0.24113,0.000708,731.2301607086112,129.35202981946318
TSLA,93436,2023-06-30,261.76999,0.283627,0.066183,938.6267774999125,137.91293520900473
TSLA,93436,2023-07-31,267.42999,0.021622,0.035618,958.9217656830156,142.82511813527904
TSLA,93436,2023-08-31,258.07999,-0.034962,-0.020608,925.395942911206,139.88177810074723
TSLA,93436,2023-09-29,250.22,-0.030456,-0.047391,897.2120840739021,133.25264075477472
TSLA,93436,2023-10-31,200.84,-0.197346,-0.028865,720.1508681302538,129.40630327938814
TSLA,93436,2023-11-30,240.08,0.195379,0.092053,860.8532245946748,141.31854171516565
TSLA,93436,2023-12-29,248.48,0.034988,0.053604,890.9727572167933,148.8937808252654
TSLA,93436,2024-01-31,187.28999,-0.246257,0.007561,671.5644789428575,150.0195667020852
TSLA,93436,2024-02-29,201.88,0.077901,0.050584,723.880023416985,157.6081564641435
TSLA,93436,2024-03-28,175.78999,-0.129235,0.03245,630.3293885906909,162.72254114140495
TSLA,93436,2024-04-30,183.28,0.042608,-0.042724,657.186463179763,155.77038329367957
TSLA,93436,2024-05-31,178.08,-0.028372,0.046553,638.5407688464268,163.02196194715023
TSLA,93436,2024-06-28,197.88,0.111186,0.026073,709.5375627713855,167.2724335609983
TSLA,93436,2024-07-31,232.07001,0.172781,0.019878,832.1321724045883,170.59747499532384
TSLA,93436,2024-08-30,214.11,-0.077391,0.021572,767.7326314500249,174.27760372592294
TSLA,93436,2024-09-30,261.63,0.221942,0.020969,938.1247471393064,177.93203079845182
TSLA,93436,2024-10-31,249.85001,-0.045025,-0.008298,895.8856803993591,176.45555080688627
TSLA,93436,2024-11-29,345.16,0.381469,0.064855,1237.6382950156221,187.89957555446688
TSLA,93436,2024-12-31,403.84,0.170008,-0.031582,1448.046706274638,181.96533115930572
